user_id,country,plan,account_age_days
1,FR,pro,1615
2,US,free,1790
3,IN,enterprise,669
4,DE,pro,893
5,US,free,2362
6,IN,pro,2129
7,FR,free,1033
8,FR,free,603
9,US,free,754
10,CA,pro,1346
11,US,free,1417
12,IN,free,461
13,UK,free,165
14,FR,free,1238
15,US,free,1993
16,US,free,382
17,UK,free,1021
18,US,free,404
19,FR,pro,606
20,UK,free,1530
21,FR,pro,716
22,US,free,660
23,IN,free,2489
24,IN,free,431
25,FR,free,474
26,US,free,2324
27,CA,pro,1375
28,US,free,108
29,US,free,1062
30,DE,free,1413
31,DE,free,633
32,IN,free,1371
33,US,free,1621
34,US,free,627
35,CA,free,2031
36,US,pro,1132
37,US,enterprise,2408
38,CA,free,220
39,US,pro,811
40,DE,pro,1803
41,US,free,2237
42,FR,pro,555
43,DE,pro,2450
44,US,enterprise,484
45,FR,enterprise,1040
46,FR,free,787
47,US,free,1061
48,US,free,2256
49,DE,free,1831
50,US,free,1991
51,US,enterprise,635
52,US,free,2367
53,FR,free,1089
54,DE,pro,1630
55,DE,free,1744
56,FR,free,1657
57,CA,enterprise,1504
58,UK,free,1200
59,US,free,1619
60,US,free,2263
61,DE,enterprise,975
62,CA,free,1277
63,UK,free,451
64,FR,free,888
65,UK,free,1930
66,UK,enterprise,1601
67,UK,free,528
68,US,enterprise,1365
69,US,free,2030
70,US,free,310
71,US,pro,155
72,US,free,982
73,IN,free,1641
74,US,pro,784
75,US,free,2052
76,US,free,2117
77,US,enterprise,1331
78,DE,free,947
79,UK,free,105
80,FR,free,2054
81,DE,free,2238
82,US,free,1106
83,FR,pro,1291
84,US,free,1883
85,US,pro,1738
86,US,free,339
87,DE,free,1681
88,CA,free,2311
89,US,pro,1876
90,CA,free,1201
91,US,free,1308
92,DE,pro,650
93,US,free,1652
94,US,free,604
95,US,enterprise,855
96,UK,free,663
97,US,free,838
98,US,free,917
99,US,free,208
100,IN,free,1794
101,IN,pro,1103
102,DE,free,2374
103,US,pro,453
104,IN,enterprise,1672
105,FR,pro,448
106,DE,pro,1368
107,US,pro,1227
108,US,enterprise,1122
109,US,free,1637
110,IN,free,2070
111,CA,free,792
112,US,free,2124
113,US,free,462
114,UK,pro,733
115,US,free,777
116,IN,enterprise,2383
117,FR,free,297
118,DE,free,988
119,US,free,1061
120,UK,free,2000
121,UK,free,1215
122,UK,free,2417
123,US,free,1851
124,US,free,1759
125,US,free,1882
126,CA,free,404
127,US,free,1123
128,US,free,1465
129,US,free,521
130,UK,free,297
131,US,free,340
132,IN,pro,1973
133,UK,enterprise,1642
134,US,enterprise,704
135,UK,free,1843
136,US,free,1738
137,IN,free,2041
138,CA,pro,2275
139,FR,pro,2205
140,US,pro,453
141,CA,pro,1923
142,CA,free,982
143,IN,pro,1008
144,UK,pro,1618
145,CA,free,1505
146,US,enterprise,1049
147,US,free,2498
148,CA,enterprise,437
149,US,pro,243
150,US,free,73
151,FR,pro,2035
152,IN,free,1017
153,US,pro,1093
154,UK,pro,1623
155,US,pro,1089
156,DE,pro,1435
157,US,free,147
158,DE,free,391
159,DE,free,2330
160,FR,free,1127
161,US,free,419
162,IN,free,924
163,US,free,837
164,US,free,686
165,UK,pro,734
166,US,free,1823
167,FR,pro,267
168,FR,free,774
169,US,free,1170
170,IN,free,1350
171,US,free,2201
172,CA,free,2308
173,US,free,744
174,IN,free,1348
175,US,free,56
176,US,free,1542
177,US,free,383
178,IN,pro,184
179,IN,free,1679
180,DE,enterprise,446
181,IN,pro,1193
182,IN,enterprise,253
183,CA,pro,1864
184,US,free,1912
185,,free,1437
186,DE,free,2089
187,US,pro,1092
188,US,free,466
189,DE,free,379
190,US,enterprise,548
191,IN,free,501
192,US,free,808
193,US,pro,536
194,FR,free,1478
195,US,free,371
196,US,pro,1554
197,UK,free,835
198,IN,free,1717
199,,free,1282
200,US,pro,2263
201,FR,free,1100
202,IN,enterprise,738
203,CA,pro,1473
204,US,free,1647
205,US,free,1098
206,US,free,1399
207,US,pro,1177
208,DE,free,765
209,US,free,784
210,CA,free,2268
211,DE,enterprise,1688
212,UK,free,239
213,US,pro,2405
214,FR,free,1780
215,DE,enterprise,126
216,DE,free,1819
217,US,free,1474
218,US,enterprise,2288
219,IN,enterprise,1223
220,US,free,1296
221,US,free,787
222,CA,free,804
223,DE,free,1545
224,IN,free,2069
225,US,pro,2226
226,IN,free,1927
227,US,pro,1524
228,UK,free,1251
229,UK,free,849
230,,pro,1919
231,US,free,796
232,US,pro,670
233,IN,free,2169
234,UK,enterprise,1474
235,IN,pro,886
236,FR,pro,2163
237,CA,free,2406
238,FR,free,795
239,US,free,1304
240,US,free,1209
241,FR,free,1754
242,FR,free,2377
243,US,free,1371
244,CA,free,1995
245,UK,free,1489
246,IN,free,2217
247,UK,free,1012
248,US,pro,963
249,US,free,1056
250,US,free,2491
251,DE,free,1528
252,IN,pro,382
253,CA,free,103
254,US,free,1297
255,US,enterprise,2014
256,DE,free,1198
257,FR,enterprise,1400
258,US,pro,1996
259,US,free,1291
260,UK,free,2271
261,US,pro,1595
262,FR,enterprise,1828
263,US,free,1953
264,US,free,1567
265,IN,free,126
266,,free,1069
267,US,pro,354
268,US,free,1276
269,US,pro,358
270,US,pro,1273
271,US,pro,860
272,US,pro,51
273,US,pro,313
274,UK,pro,1258
275,DE,pro,197
276,US,free,2140
277,US,free,1896
278,CA,free,1773
279,IN,pro,431
280,IN,pro,1989
281,US,free,1587
282,US,free,976
283,US,free,2
284,US,pro,1322
285,UK,free,1989
286,US,free,84
287,US,pro,132
288,US,pro,958
289,CA,free,1279
290,US,free,1186
291,FR,enterprise,1066
292,US,pro,638
293,IN,pro,150
294,US,free,79
295,FR,free,247
296,IN,free,1726
297,IN,pro,1965
298,FR,free,1088
299,FR,free,194
300,UK,pro,1039
301,FR,enterprise,2464
302,US,pro,625
303,CA,free,1228
304,CA,free,1345
305,IN,free,825
306,CA,free,1095
307,US,free,1179
308,UK,free,1185
309,US,free,1794
310,US,pro,1452
311,CA,enterprise,134
312,US,free,16
313,US,free,1027
314,US,free,2269
315,US,free,93
316,US,free,178
317,US,free,1698
318,DE,pro,1127
319,US,free,577
320,IN,enterprise,519
321,IN,free,1662
322,CA,free,1309
323,US,free,1595
324,CA,free,701
325,FR,free,1316
326,DE,enterprise,2150
327,FR,free,792
328,CA,free,991
329,UK,free,410
330,US,free,1597
331,DE,free,82
332,US,free,622
333,DE,pro,1782
334,IN,free,49
335,US,free,2472
336,UK,pro,1010
337,US,pro,997
338,DE,free,1341
339,US,free,1598
340,IN,free,1149
341,US,free,2210
342,IN,free,2405
343,FR,pro,501
344,UK,free,1767
345,FR,pro,752
346,FR,free,2489
347,IN,pro,634
348,US,pro,738
349,UK,free,1785
350,US,free,1972
351,UK,free,322
352,US,pro,1389
353,UK,free,864
354,UK,free,1529
355,CA,free,1392
356,CA,pro,2464
357,FR,free,2334
358,FR,free,1635
359,CA,enterprise,1698
360,UK,free,2247
361,IN,pro,459
362,US,free,1814
363,US,free,1930
364,US,pro,319
365,DE,pro,2203
366,US,pro,1748
367,FR,free,868
368,DE,free,1211
369,US,free,1224
370,IN,free,2297
371,FR,free,2423
372,US,free,2017
373,US,free,1630
374,,free,261
375,US,free,2287
376,US,free,335
377,IN,pro,417
378,US,pro,174
379,US,free,2369
380,DE,pro,1233
381,UK,pro,590
382,IN,free,202
383,FR,free,1030
384,CA,free,1809
385,US,free,2486
386,IN,pro,1381
387,DE,enterprise,1518
388,IN,free,2089
389,US,pro,2254
390,,free,700
391,UK,free,2479
392,US,pro,1298
393,UK,free,2325
394,DE,free,294
395,US,free,244
396,CA,enterprise,2211
397,FR,free,1681
398,US,free,438
399,CA,free,2237
400,US,free,256
401,US,free,1706
402,IN,pro,513
403,FR,pro,177
404,US,pro,2015
405,IN,pro,2118
406,IN,free,265
407,US,free,233
408,FR,free,1536
409,US,free,72
410,IN,enterprise,1865
411,DE,pro,2289
412,DE,enterprise,1877
413,US,free,577
414,IN,free,475
415,US,free,1701
416,US,free,154
417,US,free,1344
418,FR,free,1122
419,,free,1861
420,IN,enterprise,507
421,DE,free,1906
422,US,free,1748
423,US,pro,597
424,US,free,892
425,UK,enterprise,165
426,FR,pro,1123
427,US,free,652
428,FR,pro,284
429,US,pro,1400
430,FR,pro,1419
431,IN,pro,215
432,FR,pro,464
433,DE,free,207
434,FR,free,1697
435,US,pro,845
436,US,enterprise,178
437,US,free,479
438,CA,pro,2439
439,DE,free,640
440,UK,pro,1711
441,IN,enterprise,1171
442,US,free,455
443,DE,free,769
444,US,free,36
445,US,free,1867
446,DE,free,836
447,IN,free,1248
448,UK,free,382
449,US,free,2060
450,UK,free,546
451,,pro,1416
452,IN,pro,2182
453,DE,pro,1783
454,US,pro,1508
455,US,pro,2220
456,US,free,441
457,IN,pro,2408
458,CA,free,1392
459,FR,free,1025
460,UK,free,640
461,UK,pro,1862
462,US,pro,2440
463,IN,free,1725
464,US,free,82
465,UK,free,1173
466,DE,pro,1831
467,UK,pro,994
468,IN,free,1932
469,US,free,1768
470,CA,free,168
471,US,free,1395
472,CA,pro,430
473,US,pro,1216
474,US,free,961
475,US,free,2017
476,US,free,2170
477,US,free,1154
478,UK,free,1342
479,UK,free,1565
480,US,enterprise,1638
481,US,free,1588
482,US,free,1957
483,UK,free,2454
484,US,free,2070
485,US,pro,337
486,US,free,1191
487,CA,pro,1153
488,US,pro,1272
489,UK,free,1321
490,UK,pro,1795
491,DE,enterprise,1053
492,UK,free,659
493,DE,free,1144
494,US,enterprise,2136
495,FR,pro,779
496,CA,free,52
497,US,free,2440
498,UK,free,490
499,US,pro,1507
500,CA,free,2000
501,DE,free,686
502,IN,pro,851
503,IN,enterprise,701
504,CA,pro,375
505,CA,free,383
506,FR,free,467
507,US,enterprise,1145
508,FR,enterprise,1327
509,CA,free,40
510,US,pro,2115
511,US,free,1690
512,FR,free,177
513,US,free,2106
514,US,free,77
515,US,free,1401
516,US,pro,1163
517,US,free,1255
518,DE,free,2390
519,US,free,2317
520,FR,free,698
521,IN,free,1449
522,US,free,2397
523,US,free,1822
524,UK,pro,2219
525,US,enterprise,1087
526,,free,708
527,IN,enterprise,1277
528,IN,enterprise,2042
529,FR,pro,2322
530,US,pro,1714
531,DE,pro,1766
532,DE,pro,1280
533,US,pro,799
534,UK,free,1057
535,US,enterprise,1244
536,US,free,2038
537,CA,pro,1388
538,US,free,1982
539,US,free,69
540,FR,free,1892
541,IN,free,1268
542,UK,free,2495
543,FR,free,1179
544,IN,free,1196
545,US,free,319
546,US,free,2017
547,US,enterprise,1754
548,US,free,2156
549,FR,free,232
550,,free,529
551,CA,free,2192
552,US,free,106
553,US,pro,1271
554,IN,enterprise,1012
555,US,free,2348
556,US,pro,2141
557,US,free,2241
558,CA,free,723
559,UK,free,1469
560,CA,free,1750
561,US,pro,2418
562,US,pro,19
563,FR,pro,2442
564,UK,free,889
565,UK,pro,321
566,DE,free,1539
567,FR,free,1954
568,US,free,325
569,US,pro,102
570,CA,enterprise,2241
571,US,free,2334
572,FR,free,391
573,CA,pro,2260
574,FR,pro,2274
575,IN,free,2493
576,CA,pro,541
577,IN,pro,1447
578,UK,pro,2485
579,IN,free,2256
580,US,enterprise,1512
581,CA,free,493
582,CA,pro,211
583,US,free,648
584,US,free,164
585,IN,free,488
586,UK,free,188
587,US,free,1905
588,US,free,1475
589,US,free,1295
590,US,free,2024
591,IN,pro,1027
592,US,pro,1008
593,US,pro,518
594,UK,free,1112
595,US,free,437
596,US,enterprise,1473
597,,free,2493
598,UK,free,1333
599,IN,enterprise,748
600,UK,enterprise,1720
601,CA,free,2050
602,FR,pro,1179
603,IN,free,626
604,DE,pro,1784
605,,free,468
606,FR,free,2493
607,IN,pro,795
608,US,free,876
609,DE,pro,1817
610,US,free,31
611,UK,pro,507
612,DE,pro,314
613,IN,free,978
614,IN,pro,1384
615,US,free,449
616,DE,free,861
617,DE,free,1930
618,US,pro,2350
619,US,pro,36
620,US,enterprise,1568
621,FR,pro,65
622,CA,enterprise,1301
623,IN,free,2198
624,CA,enterprise,1995
625,IN,free,582
626,US,free,647
627,,free,1959
628,US,free,2049
629,UK,free,702
630,FR,free,8
631,IN,free,1111
632,FR,free,1549
633,US,pro,1109
634,US,pro,2336
635,US,free,2034
636,US,free,1969
637,DE,free,51
638,DE,free,2134
639,FR,pro,1888
640,IN,free,992
641,DE,pro,1474
642,FR,pro,2060
643,US,free,2265
644,US,pro,1377
645,UK,free,104
646,IN,pro,1546
647,US,pro,1700
648,CA,pro,148
649,DE,pro,2043
650,US,pro,504
651,US,enterprise,2226
652,IN,free,1377
653,DE,pro,805
654,US,pro,147
655,IN,free,45
656,US,enterprise,1853
657,,free,943
658,US,free,2100
659,UK,free,577
660,US,free,2300
661,US,pro,2354
662,IN,free,255
663,US,free,1617
664,US,free,2349
665,US,free,808
666,DE,pro,169
667,FR,pro,2188
668,IN,free,1185
669,US,free,68
670,US,free,2100
671,US,pro,1697
672,UK,free,176
673,IN,free,647
674,DE,free,46
675,UK,free,2387
676,US,free,63
677,IN,free,1989
678,CA,pro,1278
679,US,pro,1457
680,US,free,2029
681,US,pro,2237
682,US,pro,319
683,US,free,45
684,CA,free,312
685,UK,free,1706
686,US,pro,1421
687,US,free,210
688,IN,pro,586
689,,free,1343
690,CA,free,1825
691,US,enterprise,859
692,IN,free,2374
693,US,pro,2480
694,US,enterprise,1915
695,IN,pro,1136
696,CA,free,2193
697,DE,pro,1820
698,UK,free,1299
699,DE,free,1110
700,,pro,2080
701,US,pro,1393
702,US,free,458
703,US,free,2499
704,IN,pro,171
705,US,pro,1737
706,UK,free,1640
707,FR,pro,1465
708,FR,free,130
709,US,free,1231
710,CA,pro,2231
711,IN,enterprise,599
712,DE,free,1729
713,FR,free,2147
714,IN,free,2380
715,FR,pro,1290
716,,free,785
717,UK,free,1749
718,US,enterprise,1215
719,DE,free,1568
720,IN,free,1854
721,CA,free,1776
722,US,pro,607
723,US,free,1889
724,IN,free,1355
725,US,free,2326
726,US,pro,1649
727,US,pro,2229
728,US,free,2447
729,CA,free,2486
730,CA,pro,1862
731,,free,1493
732,US,free,296
733,US,free,965
734,US,free,1188
735,US,free,1951
736,DE,free,1472
737,US,free,1098
738,US,free,367
739,US,pro,1789
740,US,free,1080
741,US,free,91
742,US,pro,710
743,IN,free,2198
744,US,pro,297
745,CA,free,1015
746,CA,pro,1280
747,US,free,210
748,US,free,414
749,FR,free,2350
750,FR,free,1476
751,US,free,526
752,US,pro,425
753,US,pro,1064
754,,free,1809
755,DE,pro,1826
756,US,pro,488
757,US,pro,1814
758,,pro,2240
759,US,pro,566
760,CA,free,66
761,DE,pro,2397
762,US,enterprise,1305
763,US,free,1941
764,US,free,800
765,IN,free,748
766,US,enterprise,563
767,US,free,543
768,US,pro,1179
769,US,pro,265
770,UK,enterprise,2105
771,US,free,1278
772,UK,pro,2288
773,UK,pro,1255
774,,free,758
775,US,pro,1287
776,IN,free,386
777,UK,pro,2060
778,US,free,1800
779,FR,free,368
780,IN,free,1455
781,US,free,1345
782,IN,free,503
783,CA,pro,306
784,UK,free,1900
785,IN,free,660
786,US,pro,1297
787,FR,pro,620
788,US,free,1633
789,FR,enterprise,123
790,UK,free,898
791,US,pro,1368
792,US,free,1098
793,US,pro,1531
794,US,enterprise,451
795,US,pro,1105
796,US,free,1891
797,US,pro,834
798,US,free,393
799,DE,pro,2119
800,DE,pro,1945
801,DE,enterprise,1701
802,US,free,1995
803,IN,free,1947
804,UK,free,1866
805,US,free,1274
806,US,free,49
807,DE,free,1493
808,US,pro,683
809,CA,free,1933
810,IN,free,1171
811,US,free,2263
812,US,pro,1489
813,IN,pro,1376
814,UK,free,2298
815,US,free,1188
816,IN,free,939
817,IN,free,929
818,CA,free,2187
819,UK,free,1890
820,US,enterprise,409
821,US,free,1231
822,UK,pro,928
823,US,free,1617
824,DE,enterprise,131
825,FR,enterprise,1785
826,US,pro,1856
827,UK,free,567
828,US,free,377
829,IN,pro,1569
830,US,pro,643
831,UK,free,2354
832,UK,free,1938
833,US,free,2387
834,DE,pro,1337
835,DE,pro,2346
836,UK,pro,35
837,FR,pro,725
838,IN,free,6
839,US,free,1694
840,CA,free,1277
841,US,pro,719
842,FR,free,763
843,CA,free,1609
844,US,free,451
845,US,free,1286
846,IN,free,1534
847,US,free,600
848,DE,free,571
849,US,pro,886
850,IN,free,1480
851,US,free,636
852,US,free,948
853,IN,pro,1359
854,IN,free,467
855,US,pro,1422
856,CA,enterprise,346
857,,pro,357
858,IN,free,592
859,US,pro,716
860,CA,free,75
861,DE,free,2404
862,DE,free,771
863,FR,free,2011
864,UK,free,2254
865,US,free,2001
866,IN,free,2078
867,IN,free,251
868,FR,free,930
869,US,enterprise,1865
870,US,free,1440
871,DE,pro,15
872,US,free,1418
873,IN,free,2011
874,US,free,2072
875,DE,free,960
876,IN,free,591
877,US,free,774
878,US,free,741
879,UK,free,867
880,UK,free,755
881,US,free,1143
882,UK,free,103
883,IN,free,688
884,CA,free,787
885,US,free,384
886,US,free,2194
887,US,free,1689
888,US,enterprise,2280
889,US,free,1404
890,DE,free,274
891,US,free,2261
892,IN,enterprise,1145
893,US,pro,1711
894,US,pro,953
895,FR,enterprise,1236
896,IN,free,1223
897,US,enterprise,712
898,US,free,1387
899,US,pro,1834
900,CA,free,51
901,CA,free,328
902,US,enterprise,2105
903,US,free,1424
904,CA,enterprise,2434
905,IN,free,1512
906,DE,pro,1633
907,CA,enterprise,2247
908,US,free,1651
909,US,enterprise,824
910,US,free,1320
911,FR,pro,589
912,IN,free,836
913,IN,free,1701
914,IN,pro,373
915,IN,free,1680
916,IN,free,1460
917,US,free,771
918,US,pro,113
919,US,free,1761
920,UK,pro,2061
921,US,enterprise,1825
922,FR,free,1052
923,UK,free,1634
924,CA,pro,1037
925,US,free,896
926,US,free,818
927,US,pro,527
928,IN,free,2423
929,UK,free,1665
930,DE,pro,438
931,US,free,2162
932,US,free,379
933,US,free,1484
934,FR,pro,414
935,FR,pro,903
936,US,free,1646
937,IN,free,2497
938,US,free,2479
939,IN,free,2239
940,US,free,589
941,US,enterprise,234
942,FR,free,2264
943,US,pro,2307
944,US,free,697
945,US,free,48
946,US,free,1620
947,DE,free,191
948,IN,pro,102
949,IN,enterprise,2342
950,US,pro,1239
951,CA,free,281
952,US,pro,1636
953,US,free,923
954,US,enterprise,1341
955,IN,free,2247
956,IN,free,595
957,FR,free,1616
958,CA,free,2071
959,CA,free,1060
960,CA,enterprise,2425
961,CA,pro,1121
962,US,enterprise,1148
963,US,free,2210
964,US,free,1590
965,IN,free,2171
966,CA,free,1976
967,IN,free,1781
968,US,free,604
969,UK,free,997
970,US,free,2161
971,US,free,1540
972,US,pro,701
973,US,free,819
974,IN,enterprise,1939
975,US,free,446
976,UK,pro,281
977,CA,pro,1913
978,US,pro,721
979,CA,pro,1913
980,US,pro,1334
981,IN,pro,2494
982,FR,free,1312
983,DE,free,2168
984,CA,pro,2126
985,US,free,530
986,IN,free,2490
987,US,free,1864
988,US,free,268
989,US,free,16
990,FR,pro,679
991,UK,pro,41
992,FR,pro,894
993,FR,free,2490
994,US,free,1197
995,IN,free,60
996,US,free,1235
997,UK,pro,548
998,US,free,2140
999,IN,enterprise,227
1000,US,free,1926
1001,US,pro,1115
1002,CA,free,48
1003,US,free,1683
1004,US,pro,1138
1005,UK,free,1929
1006,US,pro,1545
1007,IN,free,1968
1008,US,free,1151
1009,DE,free,20
1010,CA,pro,327
1011,DE,free,1147
1012,UK,pro,994
1013,CA,pro,1986
1014,IN,pro,1029
1015,US,free,2150
1016,US,pro,470
1017,DE,enterprise,962
1018,FR,free,1891
1019,US,free,311
1020,US,free,804
1021,IN,free,1879
1022,DE,pro,1472
1023,IN,free,1945
1024,CA,free,1289
1025,DE,free,2148
1026,US,free,2193
1027,IN,free,2436
1028,US,pro,305
1029,DE,pro,1478
1030,US,free,286
1031,UK,pro,573
1032,DE,free,751
1033,CA,free,1615
1034,IN,free,1078
1035,US,enterprise,2161
1036,UK,pro,747
1037,US,pro,1543
1038,US,free,1908
1039,US,free,2450
1040,US,pro,613
1041,US,free,1834
1042,DE,enterprise,212
1043,DE,pro,1359
1044,DE,free,1035
1045,US,pro,2396
1046,US,enterprise,1933
1047,US,free,2318
1048,FR,pro,2126
1049,IN,enterprise,1027
1050,US,free,1833
1051,DE,pro,77
1052,US,free,1395
1053,US,pro,119
1054,US,pro,1810
1055,US,pro,2416
1056,DE,free,1703
1057,IN,pro,2100
1058,US,free,586
1059,CA,free,2484
1060,DE,free,1377
1061,IN,free,1686
1062,UK,free,1926
1063,US,free,1599
1064,UK,pro,793
1065,US,free,1528
1066,IN,free,1635
1067,US,free,2143
1068,DE,free,1204
1069,US,pro,1254
1070,US,free,1258
1071,IN,free,286
1072,UK,enterprise,226
1073,US,pro,52
1074,IN,pro,1665
1075,IN,pro,1047
1076,US,enterprise,2164
1077,CA,free,1755
1078,CA,pro,354
1079,UK,pro,251
1080,US,free,915
1081,US,free,2302
1082,IN,free,122
1083,IN,pro,469
1084,FR,pro,75
1085,IN,pro,1034
1086,DE,free,2474
1087,FR,free,1709
1088,FR,free,1234
1089,CA,free,361
1090,CA,enterprise,889
1091,US,pro,1311
1092,UK,enterprise,687
1093,US,pro,1762
1094,US,enterprise,2450
1095,UK,free,515
1096,US,free,631
1097,US,free,316
1098,FR,free,1814
1099,IN,free,1154
1100,US,free,710
1101,US,enterprise,548
1102,US,free,177
1103,FR,enterprise,1190
1104,FR,pro,1708
1105,,pro,588
1106,FR,pro,5
1107,US,free,1183
1108,US,pro,1689
1109,IN,free,863
1110,US,enterprise,626
1111,US,free,386
1112,US,free,1865
1113,UK,pro,2154
1114,IN,pro,1924
1115,IN,free,1295
1116,US,pro,1810
1117,US,free,992
1118,FR,pro,62
1119,US,free,919
1120,IN,free,1759
1121,DE,free,1618
1122,US,free,2475
1123,FR,free,2493
1124,US,free,607
1125,US,free,24
1126,UK,free,686
1127,CA,free,2190
1128,DE,free,2034
1129,DE,pro,247
1130,IN,enterprise,401
1131,IN,free,1409
1132,CA,enterprise,1651
1133,US,free,2455
1134,DE,free,1887
1135,IN,pro,530
1136,US,pro,93
1137,CA,pro,1584
1138,US,free,1384
1139,US,pro,2304
1140,DE,free,1440
1141,US,free,1253
1142,FR,free,759
1143,FR,enterprise,216
1144,FR,free,2190
1145,US,pro,2065
1146,US,pro,407
1147,DE,pro,1760
1148,FR,pro,911
1149,CA,pro,1093
1150,IN,free,2121
1151,US,free,2105
1152,IN,free,477
1153,US,free,769
1154,US,free,2053
1155,CA,free,2292
1156,US,free,198
1157,US,free,2084
1158,US,free,1223
1159,US,enterprise,1476
1160,FR,free,189
1161,US,enterprise,1701
1162,DE,enterprise,1695
1163,,free,1657
1164,US,pro,1976
1165,US,pro,2365
1166,IN,pro,2124
1167,FR,free,1862
1168,CA,free,2453
1169,FR,free,1686
1170,US,pro,1680
1171,US,enterprise,1355
1172,DE,pro,1922
1173,US,pro,179
1174,FR,enterprise,1264
1175,CA,pro,1063
1176,FR,free,2281
1177,CA,pro,182
1178,US,free,1609
1179,US,free,461
1180,US,free,2208
1181,FR,enterprise,2129
1182,US,free,589
1183,US,free,2179
1184,US,free,1242
1185,US,free,2427
1186,FR,free,1824
1187,US,pro,87
1188,IN,pro,507
1189,US,free,1009
1190,DE,free,529
1191,US,free,331
1192,US,free,2445
1193,IN,free,2172
1194,IN,pro,1087
1195,IN,pro,538
1196,US,free,455
1197,US,free,2289
1198,DE,free,829
1199,US,free,32
1200,DE,enterprise,994
1201,UK,pro,1136
1202,UK,enterprise,1558
1203,FR,enterprise,847
1204,DE,pro,2307
1205,US,enterprise,1609
1206,US,free,2466
1207,UK,free,918
1208,CA,free,1629
1209,US,free,913
1210,US,free,1750
1211,FR,free,1864
1212,FR,pro,805
1213,UK,pro,2344
1214,US,free,2143
1215,US,free,2236
1216,,pro,545
1217,US,free,1794
1218,UK,free,266
1219,DE,free,264
1220,US,free,2433
1221,US,free,383
1222,US,pro,2160
1223,IN,pro,1077
1224,UK,pro,759
1225,US,free,184
1226,IN,pro,1688
1227,CA,pro,1803
1228,CA,free,1168
1229,IN,pro,2025
1230,US,free,808
1231,US,free,1379
1232,UK,free,717
1233,US,free,1455
1234,DE,free,340
1235,US,free,1190
1236,US,free,1373
1237,US,enterprise,1391
1238,US,free,1117
1239,US,free,1609
1240,US,free,1280
1241,IN,pro,708
1242,US,free,539
1243,US,enterprise,1619
1244,US,free,2346
1245,US,free,1883
1246,US,free,1596
1247,UK,free,2303
1248,US,pro,2249
1249,IN,pro,1266
1250,IN,free,274
1251,US,enterprise,1586
1252,US,free,1557
1253,US,free,694
1254,UK,free,2123
1255,US,free,2175
1256,IN,pro,827
1257,FR,free,1192
1258,FR,free,488
1259,CA,free,446
1260,IN,free,663
1261,US,free,915
1262,US,pro,683
1263,US,free,379
1264,IN,free,1118
1265,UK,free,1559
1266,FR,free,815
1267,US,free,1334
1268,IN,pro,678
1269,CA,enterprise,1759
1270,CA,free,1621
1271,IN,enterprise,2400
1272,US,free,133
1273,US,pro,2132
1274,UK,pro,851
1275,US,pro,166
1276,US,pro,1724
1277,US,free,430
1278,US,free,440
1279,IN,free,2449
1280,UK,free,553
1281,US,pro,1368
1282,US,free,502
1283,US,free,310
1284,UK,free,3
1285,IN,free,41
1286,IN,pro,1184
1287,US,pro,1085
1288,US,free,98
1289,CA,free,874
1290,UK,free,683
1291,CA,free,1428
1292,DE,pro,2487
1293,UK,free,1729
1294,US,free,2296
1295,US,free,481
1296,US,enterprise,538
1297,US,pro,1877
1298,US,free,775
1299,DE,free,2122
1300,US,free,1159
1301,US,enterprise,502
1302,UK,free,2111
1303,FR,free,1376
1304,US,enterprise,2006
1305,FR,pro,1131
1306,IN,free,316
1307,UK,free,1702
1308,DE,free,311
1309,US,free,1658
1310,IN,free,1042
1311,US,enterprise,1979
1312,IN,enterprise,2175
1313,UK,free,1019
1314,US,pro,2205
1315,US,free,278
1316,DE,free,269
1317,UK,pro,2483
1318,US,free,1436
1319,DE,free,1127
1320,IN,free,390
1321,CA,free,723
1322,CA,free,1715
1323,US,pro,2054
1324,FR,pro,2291
1325,US,pro,1019
1326,IN,pro,1137
1327,US,free,409
1328,UK,pro,208
1329,US,free,1095
1330,US,free,1448
1331,FR,enterprise,261
1332,CA,free,1021
1333,CA,free,1604
1334,IN,free,2027
1335,IN,free,2346
1336,IN,free,851
1337,US,free,979
1338,UK,pro,2187
1339,IN,free,1733
1340,US,free,684
1341,US,free,1713
1342,FR,pro,394
1343,CA,free,1123
1344,UK,free,766
1345,IN,free,2481
1346,UK,pro,88
1347,US,pro,2142
1348,US,free,703
1349,US,pro,91
1350,US,free,1650
1351,FR,free,1695
1352,FR,free,356
1353,US,free,96
1354,US,free,279
1355,IN,free,1022
1356,US,free,331
1357,CA,free,1757
1358,CA,free,194
1359,DE,pro,1972
1360,US,pro,2186
1361,DE,free,1792
1362,US,free,2360
1363,UK,free,2348
1364,US,free,117
1365,CA,free,855
1366,CA,free,1900
1367,US,pro,849
1368,US,pro,1843
1369,US,free,1935
1370,US,free,2492
1371,US,pro,825
1372,IN,free,870
1373,US,pro,61
1374,FR,free,714
1375,IN,free,702
1376,US,free,1133
1377,DE,free,1053
1378,IN,enterprise,2141
1379,UK,free,1934
1380,US,enterprise,1821
1381,US,free,14
1382,US,pro,1179
1383,CA,enterprise,1824
1384,IN,free,612
1385,IN,free,1062
1386,US,pro,1817
1387,DE,free,1986
1388,US,enterprise,2136
1389,IN,free,1075
1390,US,free,1000
1391,IN,free,957
1392,FR,pro,1671
1393,US,enterprise,1049
1394,US,free,1001
1395,FR,pro,421
1396,US,enterprise,1196
1397,CA,free,593
1398,IN,free,1312
1399,UK,pro,2221
1400,US,pro,1939
1401,US,free,1195
1402,US,pro,2443
1403,IN,free,2450
1404,US,enterprise,1111
1405,US,pro,1908
1406,US,pro,856
1407,IN,free,2196
1408,US,free,934
1409,IN,free,646
1410,DE,free,335
1411,FR,pro,2106
1412,IN,free,743
1413,FR,free,2033
1414,IN,free,217
1415,US,free,1252
1416,FR,free,1070
1417,CA,pro,1097
1418,CA,pro,419
1419,IN,free,185
1420,IN,pro,866
1421,DE,pro,1176
1422,CA,free,1984
1423,CA,pro,1156
1424,US,free,615
1425,US,free,656
1426,US,free,1530
1427,US,free,1089
1428,US,pro,2253
1429,FR,enterprise,1099
1430,US,pro,1417
1431,IN,free,160
1432,UK,free,485
1433,US,enterprise,2125
1434,US,free,862
1435,US,free,1053
1436,IN,free,1476
1437,US,free,145
1438,CA,free,1267
1439,IN,free,866
1440,IN,free,372
1441,US,free,1046
1442,US,free,1117
1443,US,free,466
1444,US,free,1358
1445,US,pro,1865
1446,UK,free,669
1447,IN,pro,2416
1448,CA,pro,1531
1449,UK,free,1932
1450,US,pro,176
1451,FR,pro,1918
1452,UK,free,842
1453,IN,free,1775
1454,IN,free,2010
1455,US,enterprise,626
1456,US,pro,648
1457,US,enterprise,149
1458,US,enterprise,1513
1459,IN,free,1935
1460,US,pro,1025
1461,FR,free,403
1462,CA,pro,791
1463,US,free,1007
1464,US,free,2290
1465,DE,pro,310
1466,DE,pro,858
1467,US,pro,1595
1468,US,free,592
1469,DE,free,2211
1470,US,enterprise,2273
1471,IN,free,950
1472,US,free,1865
1473,US,free,1890
1474,CA,free,1704
1475,CA,free,467
1476,,free,124
1477,US,pro,868
1478,IN,enterprise,328
1479,CA,enterprise,731
1480,CA,free,1596
1481,US,free,1472
1482,US,pro,524
1483,UK,pro,45
1484,US,free,564
1485,UK,pro,1137
1486,US,pro,1948
1487,IN,pro,913
1488,CA,pro,715
1489,IN,free,1378
1490,CA,free,179
1491,US,free,564
1492,FR,free,92
1493,UK,pro,1314
1494,FR,pro,1108
1495,US,free,1456
1496,UK,pro,1543
1497,IN,pro,988
1498,UK,pro,2172
1499,US,free,2295
1500,DE,pro,277
1501,DE,free,2300
1502,IN,free,492
1503,US,free,621
1504,US,pro,1324
1505,FR,pro,74
1506,CA,free,910
1507,DE,free,487
1508,CA,pro,1206
1509,US,pro,2036
1510,DE,free,2310
1511,US,enterprise,531
1512,US,pro,1362
1513,,enterprise,1186
1514,DE,enterprise,1038
1515,IN,enterprise,1582
1516,US,pro,2473
1517,US,pro,1013
1518,IN,free,163
1519,US,free,2290
1520,US,pro,2330
1521,US,free,806
1522,CA,pro,1254
1523,IN,free,2156
1524,FR,free,1259
1525,DE,free,1203
1526,US,free,2304
1527,US,free,2072
1528,CA,free,1268
1529,US,pro,404
1530,US,free,1096
1531,US,free,1691
1532,US,free,681
1533,UK,free,1343
1534,DE,free,1647
1535,US,pro,213
1536,CA,pro,1424
1537,FR,free,1844
1538,DE,free,536
1539,FR,free,1371
1540,US,free,1773
1541,FR,pro,111
1542,US,free,1610
1543,US,pro,650
1544,US,free,993
1545,CA,free,1620
1546,US,free,11
1547,US,free,42
1548,FR,enterprise,1117
1549,US,free,2374
1550,US,pro,16
1551,US,pro,1972
1552,US,free,188
1553,US,free,1222
1554,,free,1077
1555,US,free,1170
1556,FR,pro,205
1557,IN,free,1884
1558,CA,enterprise,689
1559,UK,pro,1927
1560,IN,free,1639
1561,IN,pro,1378
1562,UK,free,772
1563,IN,enterprise,1631
1564,IN,free,2494
1565,FR,enterprise,2307
1566,CA,pro,2290
1567,US,pro,550
1568,US,free,1463
1569,CA,pro,995
1570,CA,free,2417
1571,US,pro,2375
1572,UK,free,2170
1573,UK,free,407
1574,FR,free,797
1575,US,free,1778
1576,US,free,1874
1577,FR,pro,876
1578,FR,free,342
1579,IN,pro,343
1580,IN,free,1711
1581,IN,pro,1135
1582,US,pro,1228
1583,US,free,2038
1584,US,pro,43
1585,,enterprise,1886
1586,IN,pro,686
1587,US,free,2328
1588,UK,free,2388
1589,US,pro,1255
1590,US,free,790
1591,US,pro,583
1592,US,free,454
1593,IN,pro,2498
1594,US,free,469
1595,FR,free,1116
1596,DE,enterprise,1198
1597,US,pro,1698
1598,US,pro,2106
1599,FR,enterprise,1395
1600,US,free,1895
1601,IN,free,1417
1602,US,free,1092
1603,DE,free,395
1604,FR,free,522
1605,US,enterprise,1081
1606,US,free,116
1607,IN,free,791
1608,US,free,1157
1609,US,free,1182
1610,US,free,2037
1611,US,pro,2419
1612,FR,free,1824
1613,FR,pro,199
1614,US,pro,1022
1615,FR,pro,1825
1616,US,pro,1487
1617,US,free,1145
1618,UK,free,1091
1619,IN,free,1015
1620,US,enterprise,1447
1621,US,pro,447
1622,CA,free,1294
1623,FR,free,515
1624,US,pro,1702
1625,US,pro,2162
1626,DE,free,1269
1627,US,pro,969
1628,US,pro,2351
1629,US,pro,1649
1630,US,free,1070
1631,CA,free,72
1632,IN,enterprise,40
1633,UK,free,554
1634,DE,free,591
1635,IN,free,1803
1636,US,free,1252
1637,US,pro,2499
1638,IN,free,1351
1639,US,pro,2257
1640,DE,free,1381
1641,FR,free,896
1642,US,free,1786
1643,CA,pro,1124
1644,US,free,687
1645,US,free,1183
1646,CA,pro,1662
1647,US,free,939
1648,FR,free,1760
1649,IN,free,2451
1650,FR,pro,1028
1651,US,free,738
1652,US,free,1006
1653,US,free,2095
1654,US,free,448
1655,IN,free,2434
1656,US,free,1035
1657,US,free,2104
1658,FR,free,1967
1659,US,pro,1959
1660,US,free,2272
1661,US,free,462
1662,UK,enterprise,1484
1663,FR,pro,248
1664,US,pro,749
1665,IN,free,102
1666,IN,free,1706
1667,FR,free,1519
1668,US,free,1850
1669,US,free,441
1670,IN,free,831
1671,US,free,1691
1672,UK,pro,2066
1673,FR,free,2214
1674,US,free,185
1675,FR,pro,1006
1676,IN,pro,27
1677,DE,free,2046
1678,US,free,308
1679,IN,free,2055
1680,CA,free,390
1681,DE,pro,39
1682,FR,free,2197
1683,DE,free,1097
1684,US,free,1063
1685,US,free,1617
1686,US,free,688
1687,CA,free,1727
1688,CA,enterprise,1073
1689,UK,pro,682
1690,US,free,987
1691,FR,free,16
1692,IN,pro,754
1693,US,free,1479
1694,,free,345
1695,DE,pro,297
1696,CA,free,1640
1697,US,free,1071
1698,FR,free,342
1699,IN,free,1869
1700,DE,free,1938
1701,IN,pro,87
1702,IN,free,505
1703,US,free,926
1704,UK,pro,1828
1705,CA,free,186
1706,IN,free,2014
1707,US,free,799
1708,US,pro,314
1709,IN,free,2158
1710,US,pro,217
1711,FR,pro,324
1712,US,pro,2373
1713,IN,enterprise,1299
1714,IN,pro,1158
1715,US,pro,1718
1716,FR,pro,1575
1717,US,pro,1534
1718,UK,pro,59
1719,DE,enterprise,1379
1720,FR,free,697
1721,US,pro,2019
1722,US,free,1263
1723,DE,pro,310
1724,UK,free,2215
1725,CA,pro,711
1726,US,pro,679
1727,US,enterprise,2340
1728,IN,free,1938
1729,US,pro,2148
1730,US,pro,1655
1731,IN,enterprise,2276
1732,US,enterprise,289
1733,DE,free,1500
1734,US,free,734
1735,IN,free,996
1736,DE,enterprise,595
1737,IN,free,513
1738,,pro,1106
1739,CA,pro,2295
1740,FR,free,1588
1741,US,free,874
1742,US,free,1084
1743,US,pro,1325
1744,IN,free,612
1745,DE,free,1303
1746,UK,pro,1740
1747,DE,free,608
1748,CA,pro,1461
1749,CA,free,1771
1750,US,free,1298
1751,UK,free,730
1752,US,free,1386
1753,IN,free,1983
1754,FR,pro,555
1755,US,free,1437
1756,UK,free,1701
1757,US,free,804
1758,IN,free,969
1759,IN,enterprise,2222
1760,IN,free,909
1761,US,enterprise,1495
1762,US,free,375
1763,US,free,2315
1764,US,free,1492
1765,US,free,1901
1766,US,pro,1507
1767,IN,free,889
1768,US,free,851
1769,,pro,1753
1770,FR,pro,2149
1771,UK,enterprise,319
1772,FR,enterprise,2113
1773,UK,pro,2075
1774,IN,pro,273
1775,UK,pro,271
1776,CA,free,1737
1777,DE,pro,2107
1778,US,free,985
1779,US,pro,1601
1780,CA,enterprise,2499
1781,US,free,807
1782,FR,pro,563
1783,US,enterprise,2479
1784,US,free,702
1785,US,free,1182
1786,FR,enterprise,1105
1787,US,enterprise,1308
1788,DE,free,672
1789,IN,free,1697
1790,US,pro,1730
1791,FR,free,502
1792,US,free,1202
1793,US,free,144
1794,DE,free,552
1795,IN,free,2468
1796,US,pro,1266
1797,UK,pro,1557
1798,US,pro,2222
1799,UK,free,1784
1800,UK,free,1981
1801,UK,free,1780
1802,,free,1247
1803,US,free,1581
1804,DE,free,721
1805,DE,free,2226
1806,,free,450
1807,US,pro,2210
1808,US,pro,2196
1809,US,enterprise,356
1810,US,pro,1775
1811,US,free,2474
1812,,free,1430
1813,DE,free,851
1814,US,free,2198
1815,FR,free,1281
1816,CA,free,305
1817,FR,free,623
1818,CA,free,1706
1819,CA,pro,1138
1820,UK,pro,542
1821,IN,pro,1997
1822,CA,pro,302
1823,CA,free,548
1824,UK,free,1164
1825,DE,pro,99
1826,US,free,969
1827,CA,free,2274
1828,CA,free,2352
1829,IN,enterprise,2180
1830,CA,pro,810
1831,CA,free,163
1832,IN,pro,2037
1833,CA,free,933
1834,US,free,1872
1835,US,free,298
1836,US,free,1670
1837,US,pro,1466
1838,US,free,2301
1839,FR,pro,255
1840,DE,free,1020
1841,US,pro,2474
1842,UK,pro,974
1843,US,pro,1645
1844,IN,pro,403
1845,US,enterprise,1821
1846,UK,free,690
1847,US,pro,1430
1848,UK,pro,2199
1849,US,free,1652
1850,FR,free,1186
1851,US,free,475
1852,IN,free,854
1853,CA,free,2123
1854,FR,free,541
1855,FR,pro,1641
1856,IN,free,1212
1857,US,pro,802
1858,,free,1791
1859,US,pro,905
1860,US,free,717
1861,UK,free,1323
1862,IN,free,1894
1863,IN,pro,2160
1864,CA,free,1574
1865,UK,enterprise,1655
1866,IN,free,1969
1867,IN,free,673
1868,US,free,628
1869,CA,pro,1210
1870,FR,free,1577
1871,US,free,1615
1872,US,free,385
1873,IN,free,1951
1874,IN,free,910
1875,IN,enterprise,2193
1876,FR,free,1811
1877,US,free,2457
1878,US,enterprise,1579
1879,CA,free,1319
1880,UK,free,470
1881,CA,pro,997
1882,UK,enterprise,2145
1883,US,pro,955
1884,DE,free,134
1885,US,enterprise,613
1886,US,free,1488
1887,US,enterprise,1573
1888,US,pro,2459
1889,IN,enterprise,2334
1890,US,free,1329
1891,US,free,1386
1892,FR,pro,2001
1893,UK,free,122
1894,US,free,1488
1895,US,enterprise,1185
1896,US,pro,1957
1897,DE,free,2001
1898,US,free,1639
1899,US,free,1643
1900,US,free,1728
1901,,free,1450
1902,US,pro,570
1903,FR,pro,712
1904,US,free,1854
1905,UK,free,1546
1906,US,pro,595
1907,US,pro,2194
1908,US,pro,2451
1909,FR,free,1565
1910,IN,pro,570
1911,US,free,2345
1912,US,free,592
1913,IN,pro,1081
1914,CA,free,2146
1915,US,free,1302
1916,,free,608
1917,DE,free,201
1918,DE,free,902
1919,UK,pro,1680
1920,IN,free,1786
1921,CA,free,558
1922,US,pro,397
1923,CA,free,1753
1924,US,enterprise,398
1925,US,free,161
1926,US,free,1216
1927,US,free,1427
1928,DE,pro,609
1929,US,free,528
1930,US,enterprise,589
1931,UK,free,857
1932,UK,free,24
1933,FR,free,30
1934,FR,free,926
1935,DE,free,50
1936,US,free,796
1937,CA,free,1452
1938,UK,pro,78
1939,US,free,1544
1940,US,free,1553
1941,US,free,1433
1942,CA,free,1567
1943,US,free,2023
1944,US,pro,177
1945,FR,free,422
1946,IN,pro,793
1947,US,free,1720
1948,IN,free,2182
1949,US,pro,2296
1950,IN,free,1455
1951,IN,free,1025
1952,US,enterprise,1030
1953,FR,enterprise,150
1954,IN,pro,1163
1955,IN,free,1282
1956,IN,free,521
1957,UK,enterprise,1920
1958,US,enterprise,2029
1959,FR,free,755
1960,UK,free,2285
1961,UK,free,268
1962,US,free,2276
1963,UK,pro,1920
1964,US,free,560
1965,DE,free,1625
1966,US,free,777
1967,DE,free,1999
1968,FR,free,402
1969,,free,613
1970,CA,free,768
1971,US,enterprise,499
1972,IN,free,832
1973,DE,free,1506
1974,US,free,1583
1975,US,free,1385
1976,US,free,474
1977,CA,free,506
1978,IN,free,2298
1979,DE,free,629
1980,US,pro,258
1981,IN,free,1135
1982,US,free,18
1983,IN,free,857
1984,US,free,2137
1985,UK,free,669
1986,IN,free,1759
1987,US,free,1225
1988,DE,free,889
1989,IN,enterprise,1654
1990,,enterprise,1489
1991,US,enterprise,796
1992,DE,free,559
1993,US,free,2292
1994,US,free,421
1995,CA,free,2398
1996,FR,free,1178
1997,US,free,2491
1998,US,free,883
1999,FR,free,1414
2000,CA,free,1538
